Timestamp,Render upload,Version of Chunky used (including snapshots),Render name/title,Name to credit you under,What features of Chunky did you use?,Used someone else's creation?,Original,Original_ext
4/4/2022 14:49:50,https://drive.google.com/open?id=1coVUALvmh6dDut7aXapmd5Ht3nMtRxv4,Rendered with Chunky 2.4.X,The Rainbowcorridor,TheBlueJona,none,https://www.mediafire.com/file/of1821ywjctxzyh/le_ultimate_rtx14.zip/file ,TheBlueJona-The_Rainbowcorridor,png
4/17/2022 2:31:13,https://drive.google.com/open?id=199TTY1JYNaK1BvwtKQ41-taVn8s2En58,Rendered with Chunky 2.5.X,World by Gonti,Peregrine05,Skymap support,,Peregrine05-World_by_Gonti,png
4/17/2022 2:36:43,https://drive.google.com/open?id=1nlD-HHGXvcgdWiMVfqWnT8YGa_PavUJd,Rendered with Chunky 2.4.X,Mountain Lake 2,Peregrine05,HDRi Skymap,https://www.planetminecraft.com/project/1-18-minecraft-custom-terrain-map/,Peregrine05-Mountain_Lake_2,png
4/17/2022 2:39:01,https://drive.google.com/open?id=1rhl8luddrgJte6YXI8SzjEa632dLj1Ru,Rendered with Chunky 2.5.X,Flower Forest,Peregrine05,"Fog, Procedural water, Postprocessing filter",,Peregrine05-Flower_Forest,png
5/6/2022 20:42:06,https://drive.google.com/open?id=16CMkx5flV0yCETaG9fL-hrLxoohOR15m,Rendered with Chunky 2.4.X,swamp and mountain,Bluelix,new hight (512),,Bluelix-swamp_and_mountain,png
5/6/2022 20:54:42,https://drive.google.com/open?id=13T7D9mpaeyNriDL013PsoxgGa-QtY2pX,Rendered with Chunky 2.4.X,desert cave,Bluelix,exposur,,Bluelix-desert_cave,png
5/19/2022 5:23:17,https://drive.google.com/open?id=1rANKfrHjg_dBon-RYSmj3DefAS8k_OLa,Rendered with Chunky 2.4.X,My Survival World,MAT1CSBuilds,"DOF, Parallel Camera",https://www.planetminecraft.com/project/survival-let-s-play-season-2-progress-4-1-18-download/,MAT1CSBuilds-My_Survival_World,png
5/19/2022 5:26:00,https://drive.google.com/open?id=147AIDe0Gv1_g4k9b87BDxgK3RgYFg-H-,Rendered with Chunky 2.4.X,Japanese Castle,MAT1CSBuilds,DOF,https://www.youtube.com/watch?v=14vaoTvLArI,MAT1CSBuilds-Japanese_Castle,png
5/23/2022 10:58:01,https://drive.google.com/open?id=1y5E9Qx95SeivCUOLokPe2NKVkyZDYi6X,Rendered with Chunky 2.4.X,Japanese-style fantasy,CATBIG168,3840x2160 - 500SPP - ESS ALL - Hable tone mapping ,,CATBIG168-Japanese-style_fantasy,png
6/1/2022 22:13:36,https://drive.google.com/open?id=1RFwEcaSWMsJ_uGby1O6TqfN17ZWNChoa,Rendered with Chunky 2.5.X,Rocket Factory,LemonskyRyan,,,LemonskyRyan-Rocket_Factory,png
6/5/2022 22:02:31,https://drive.google.com/open?id=1eqgd4LCx2a85gnjbhqEzfghHIK0ivNkW,Rendered with Chunky 2.6.X+,Pack.PNG,Moggla,,https://www.youtube.com/watch?v=ea6py9q46QU,Moggla-Pack.PNG,png
6/10/2022 18:17:32,https://drive.google.com/open?id=1TboPkQzWSRVAmxgQWf9fRnPktjJ4Hgdx,Rendered with Chunky 2.5.X,medieval city,megamasterbloc,,holycube S5,megamasterbloc-medieval_city,jpeg
6/10/2022 18:34:44,https://drive.google.com/open?id=1qRqQySACa_OedYbC0ag7_abxHXx3-xQJ,Rendered with Chunky 2.5.X,HWU logo,megamasterbloc,,2b2t nether map download,megamasterbloc-HWU_logo,png
6/22/2022 8:13:41,https://drive.google.com/open?id=1ykI7C-g_CeKFMyymw8a97-dtWkE4YyGE,Rendered with Chunky 2.4.X,Little Japanese village,FL3XEN,Denoiser ?,https://www.planetminecraft.com/project/japanese-city-3910311/#tab_image_gallery,FL3XEN-Little_Japanese_village,png
8/4/2022 14:40:27,https://drive.google.com/open?id=1tjIQEMGJDzyA9rpmAWNrdfzI7RkT8zEF,Rendered with Chunky 2.5.X,A Nice Plains Biome,JamesDoesGaming902,I used OpenCL and Bloom,,JamesDoesGaming902-A_Nice_Plains_Biome,png
8/9/2022 6:39:51,https://drive.google.com/open?id=1WwYHokUWmjOY8tR12R0ts6BA6XZMtXFl,Rendered with Chunky 2.5.X,Avontyre,Project Eden,"3d biome structure, Hable tone mapping, water opacity, parallel projection mode",,Project_Eden-Avontyre,png
8/19/2022 20:32:06,https://drive.google.com/open?id=1E5zzSEjQtg3NriOYKJMViiVQVb5U_1xf,Rendered with Chunky 2.5.X,DWAEBH Fog Test,jackjt8,Layered Fog,,jackjt8-DWAEBH_Fog_Test,png
8/19/2022 20:49:50,https://drive.google.com/open?id=1Fv4WRTiQXbAHb_A9lFQBg8YfXRrlJFiC,Rendered with Chunky 2.5.X,Ruined Portal,Peregrine05,"ACES filmic tone mapping, HDRi skymap, Procedural water, Fog, Resource pack",,Peregrine05-Ruined_Portal,png
0/0/0000 00:00:00,null,null,A_Minecraft-y_Discworld,boscawinks,,,boscawinks-A_Minecraft-y_Discworld,png
0/0/0000 00:00:00,null,null,Basalt_Deltas_be_like,boscawinks,,,boscawinks-Basalt_Deltas_be_like,png
0/0/0000 00:00:00,null,null,Brewing_GUI_XL,boscawinks,,,boscawinks-Brewing_GUI_XL,png
0/0/0000 00:00:00,null,null,Give_that_back,boscawinks,,,boscawinks-Give_that_back,png
0/0/0000 00:00:00,null,null,Peek-a-boo,boscawinks,,,boscawinks-Peek-a-boo,png
0/0/0000 00:00:00,null,null,Jungle_Garden,ChomChom,,,ChomChom-Jungle_Garden,png
0/0/0000 00:00:00,null,null,Northern_Landscape,Enzo_frsh,,,Enzo_frsh-Northern_Landscape,png
0/0/0000 00:00:00,null,null,Mini_Biomes_01_-_Plains,Esorcism,,,Esorcism-Mini_Biomes_01_-_Plains,png
0/0/0000 00:00:00,null,null,Mountain_forest,firehart,,,firehart-Mountain_forest,png
0/0/0000 00:00:00,null,null,NCC1701e,jackjt8,,https://www.planetminecraft.com/project/11-star-trek-fleet/,jackjt8-NCC1701e,png
0/0/0000 00:00:00,null,null,Omni-directional_mobility_gear,jackjt8,,"https://www.planetminecraft.com/project/shingeki-no-kyojin---mikasa-ackerman/, https://www.planetminecraft.com/project/attack-on-titan-shiganshina-map/",jackjt8-Omni-directional_mobility_gear,png
0/0/0000 00:00:00,null,null,The_Uncensored_Library,jackjt8,,https://www.uncensoredlibrary.com/en,jackjt8-The_Uncensored_Library,png
0/0/0000 00:00:00,null,null,New_Mombasa_Kenya,Jatizso,,,Jatizso-New_Mombasa_Kenya,png
0/0/0000 00:00:00,null,null,Greenfield_Sunset,Jayjayli,,https://www.planetminecraft.com/project/greenfield---new-life-size-city-project/,Jayjayli-Greenfield_Sunset,jpeg
0/0/0000 00:00:00,null,null,Nova_Celes_City,Jayjayli,,https://www.planetminecraft.com/project/nova-celes-city-the-futuristic-town-cit-du-swagg-download/,Jayjayli-Nova_Celes_City,jpeg
0/0/0000 00:00:00,null,null,Raindow_Corridor_2,Jayjayli,,,Jayjayli-Raindow_Corridor_2,jpeg
0/0/0000 00:00:00,null,null,City_of_Plexia,MadDog,,,MadDog-City_of_Plexia,png
0/0/0000 00:00:00,null,null,Terra_Celestis,OneCore,,https://www.planetminecraft.com/project/terra-celestis-5120-x-5120-multibiome/,OneCore-Terra_Celestis,jpeg
0/0/0000 00:00:00,null,null,Badlands,Peregrine05,,,Peregrine05-Badlands,png
0/0/0000 00:00:00,null,null,Edge_of_a_Dark_Forest,Peregrine05,,,Peregrine05-Edge_of_a_Dark_Forest,png
0/0/0000 00:00:00,null,null,Misty_Mountains,Peregrine05,,,Peregrine05-Misty_Mountains,png
0/0/0000 00:00:00,null,null,Mountain_Lake,Peregrine05,,,Peregrine05-Mountain_Lake,png
0/0/0000 00:00:00,null,null,1.18_world,Pylons,,,Pylons-1.18_world,png
0/0/0000 00:00:00,null,null,Survival_world,Pylons,,,Pylons-Survival_world,png
0/0/0000 00:00:00,null,null,νησί,Pylons,,,Pylons-νησί,png
0/0/0000 00:00:00,null,null,Coral_Reef,RavaPollo,,,RavaPollo-Coral_Reef,png
0/0/0000 00:00:00,null,null,Pandas_Gaze,RavaPollo,,,RavaPollo-Pandas_Gaze,png
0/0/0000 00:00:00,null,null,Space,RavaPollo,,,RavaPollo-Space,png
0/0/0000 00:00:00,null,null,Greenfield_-_Minekea,Redox,,https://www.planetminecraft.com/project/greenfield---new-life-size-city-project/,Redox-Greenfield_-_Minekea,png
0/0/0000 00:00:00,null,null,Chicago_River,Salamantic,,,Salamantic-Chicago_River,png
0/0/0000 00:00:00,null,null,Distant_Metropolis,Salamantic,,,Salamantic-Distant_Metropolis,png
0/0/0000 00:00:00,null,null,Hong_Kong's_Luminosity,Salamantic,,,Salamantic-Hong_Kong's_Luminosity,png
0/0/0000 00:00:00,null,null,Midnight_in_Downtown,Salamantic,,,Salamantic-Midnight_in_Downtown,png
0/0/0000 00:00:00,null,null,Arctic_peak,Sander_Poelmans,,,Sander_Poelmans-Arctic_peak,jpeg
0/0/0000 00:00:00,null,null,ARTHAS,Sander_Poelmans,,,Sander_Poelmans-ARTHAS,png
0/0/0000 00:00:00,null,null,Land_of_plants,Sander_Poelmans,,,Sander_Poelmans-Land_of_plants,jpeg
0/0/0000 00:00:00,null,null,Mountain_castle,Sander_Poelmans,,,Sander_Poelmans-Mountain_castle,png
0/0/0000 00:00:00,null,null,Angela_Balzac_-_Rakuen_Tsuihou,SPAWNRYS,,https://www.planetminecraft.com/project/angela-balzac-rakuen-tsuihou-1-12-1-18-3d-model-art/,SPAWNRYS-Angela_Balzac_-_Rakuen_Tsuihou,png
0/0/0000 00:00:00,null,null,Ankha,SPAWNRYS,,https://www.planetminecraft.com/project/animal-crossing-ankha-zone-statues/,SPAWNRYS-Ankha,png
0/0/0000 00:00:00,null,null,City-17,SPAWNRYS,,https://www.planetminecraft.com/project/city17-grand-project-half-life-2-map/,SPAWNRYS-City-17,png
0/0/0000 00:00:00,null,null,Cyberpunk_City_2,SPAWNRYS,,https://www.planetminecraft.com/project/cyberpunk-project-timelapse/,SPAWNRYS-Cyberpunk_City_2,png
0/0/0000 00:00:00,null,null,DEB_Off_Mineshield_First_Season,SPAWNRYS,,,SPAWNRYS-DEB_Off_Mineshield_First_Season,png
0/0/0000 00:00:00,null,null,Kemono_Friends_-_Serval,SPAWNRYS,,https://www.planetminecraft.com/project/kemono-friends-serval-statue/,SPAWNRYS-Kemono_Friends_-_Serval,png
0/0/0000 00:00:00,null,null,Kremlin_Alfedov_Mineshield_First_Season,SPAWNRYS,,,SPAWNRYS-Kremlin_Alfedov_Mineshield_First_Season,png
0/0/0000 00:00:00,null,null,Oldcraft,SPAWNRYS,,,SPAWNRYS-Oldcraft,png
0/0/0000 00:00:00,null,null,Subshield_Hills,SPAWNRYS,,,SPAWNRYS-Subshield_Hills,png
0/0/0000 00:00:00,null,null,Titania_City,SPAWNRYS,,https://www.planetminecraft.com/project/titania-a-massive-modern-and-original-metropolis/,SPAWNRYS-Titania_City,png
0/0/0000 00:00:00,null,null,Meridian,Syphia,,,Syphia-Meridian,jpeg
0/0/0000 00:00:00,null,null,Pumpkin_Taiga,Syphia,,,Syphia-Pumpkin_Taiga,png
0/0/0000 00:00:00,null,null,Winter_Ambience,Zak_Fynn,,,Zak_Fynn-Winter_Ambience,jpeg
